{"labels": [1, 0, 2, 3], "scores": [0.9927589893341064, 0.2657736837863922, 0.18099947273731232, 0.05652843415737152], "bboxes": [[769.605712890625, 301.05291748046875, 919.1007690429688, 593.6981201171875], [767.8568115234375, 299.3734436035156, 919.6458129882812, 594.6972045898438], [767.8568115234375, 299.3734436035156, 919.6458129882812, 594.6972045898438], [740.3837280273438, 358.74591064453125, 933.13916015625, 556.7606811523438]]}