{"labels": [0, 0, 2, 0, 0, 2, 1], "scores": [0.11339608579874039, 0.09528611600399017, 0.09141769260168076, 0.08177866786718369, 0.07052203267812729, 0.06659478694200516, 0.05345756933093071], "bboxes": [[566.5164794921875, 373.26116943359375, 683.4015502929688, 423.470703125], [490.0046691894531, 375.87042236328125, 528.8651123046875, 407.777099609375], [570.5987548828125, 373.5901794433594, 684.349853515625, 422.3082275390625], [634.5989990234375, 421.83587646484375, 675.0811767578125, 450.7682189941406], [624.75537109375, 386.8451232910156, 681.8638305664062, 418.2149353027344], [602.1334838867188, 383.6726989746094, 679.91015625, 419.2205810546875], [518.269775390625, 726.5604248046875, 596.3739624023438, 973.8491821289062]]}