{"labels": [1, 2, 0, 1, 3, 2], "scores": [0.945656418800354, 0.3304528295993805, 0.27611616253852844, 0.07407922297716141, 0.06387833505868912, 0.05324489623308182], "bboxes": [[924.805419921875, 691.41455078125, 983.1273193359375, 798.49365234375], [926.460205078125, 692.223876953125, 981.9026489257812, 798.4131469726562], [926.8967895507812, 692.5751342773438, 981.5752563476562, 798.9484252929688], [928.9417114257812, 733.665771484375, 979.4550170898438, 794.3688354492188], [924.50341796875, 691.8199462890625, 982.3209228515625, 799.8009643554688], [911.536865234375, 704.4352416992188, 1016.7890014648438, 802.2074584960938]]}