{"labels": [0, 0, 0], "scores": [0.6480934023857117, 0.07667827606201172, 0.051018405705690384], "bboxes": [[1248.48388671875, 687.4369506835938, 1310.333251953125, 719.9099731445312], [8.244790077209473, 124.08944702148438, 185.72666931152344, 425.3855895996094], [951.7490234375, 613.86083984375, 986.2981567382812, 661.3838500976562]]}