{"labels": [1, 2, 3, 1, 0, 2, 3, 0, 1, 2, 1, 2, 2, 2, 2, 1, 2], "scores": [0.9994648098945618, 0.5574712753295898, 0.40369850397109985, 0.3341212868690491, 0.17366468906402588, 0.1562991589307785, 0.10324284434318542, 0.07924424111843109, 0.07746461033821106, 0.07684273272752762, 0.07671370357275009, 0.07330433279275894, 0.07221577316522598, 0.06027931347489357, 0.05863836035132408, 0.057550154626369476, 0.05420493707060814], "bboxes": [[591.0386962890625, 661.7752685546875, 922.058837890625, 979.2484741210938], [96.23995971679688, 805.2315063476562, 370.9000244140625, 989.533935546875], [96.23995971679688, 805.2315063476562, 370.9000244140625, 989.533935546875], [95.4713363647461, 807.9957885742188, 370.12353515625, 990.455322265625], [594.1891479492188, 663.2849731445312, 927.3436279296875, 976.6221313476562], [594.1891479492188, 663.2849731445312, 927.3436279296875, 976.6221313476562], [597.1449584960938, 662.4261474609375, 928.0635986328125, 979.5427856445312], [95.4713363647461, 807.9957885742188, 370.12353515625, 990.455322265625], [308.31060791015625, 673.7142944335938, 893.5263061523438, 996.6264038085938], [203.06224060058594, 854.7348022460938, 370.1754455566406, 988.3265991210938], [201.7089080810547, 869.2437744140625, 369.02154541015625, 991.4699096679688], [199.24668884277344, 753.3526611328125, 394.805908203125, 1002.2805786132812], [102.64622497558594, 826.6082763671875, 249.27882385253906, 953.0277099609375], [146.54345703125, 830.3839721679688, 320.70086669921875, 1028.0556640625], [59.280059814453125, 759.6732177734375, 275.5503845214844, 1010.3499755859375], [593.762451171875, 772.6516723632812, 756.5331420898438, 969.3880004882812], [250.13601684570312, 895.6079711914062, 367.9775695800781, 990.4395141601562]]}