{"labels": [0, 1, 1, 1, 2, 1, 0, 0, 3, 2, 3, 0, 0], "scores": [0.9999442100524902, 0.9967901110649109, 0.993710994720459, 0.17746828496456146, 0.12275373190641403, 0.088871069252491, 0.07731960713863373, 0.0669272169470787, 0.0625094398856163, 0.06087273731827736, 0.05545134097337723, 0.05131187289953232, 0.05085701867938042], "bboxes": [[686.1338500976562, 481.84075927734375, 964.11962890625, 791.3990478515625], [831.5172119140625, 294.0661926269531, 1228.788330078125, 493.4684753417969], [1396.0943603515625, 716.5443115234375, 1761.285400390625, 1045.70068359375], [691.8165283203125, 472.9634094238281, 964.0922241210938, 788.7151489257812], [681.848876953125, 479.3537292480469, 975.4060668945312, 793.71923828125], [824.4286499023438, 336.78253173828125, 1216.251953125, 644.2001342773438], [762.046630859375, 470.453125, 1153.288818359375, 780.2088012695312], [834.9620971679688, 299.0741882324219, 1239.6788330078125, 505.2301940917969], [1389.4605712890625, 719.9402465820312, 1765.5535888671875, 1036.1343994140625], [1389.521240234375, 721.4671630859375, 1768.134521484375, 1043.537109375], [681.848876953125, 479.3537292480469, 975.4060668945312, 793.71923828125], [1395.52978515625, 717.6549072265625, 1761.64990234375, 1041.9273681640625], [1366.9578857421875, 275.01373291015625, 1659.7991943359375, 448.00640869140625]]}