{"labels": [0, 0, 0, 0, 0, 0, 0, 0, 0, 0, 0, 1, 2, 0, 2, 2, 1, 1, 2, 0, 2, 3, 0, 0, 1, 3, 2, 0, 0, 2, 0, 0, 2, 2], "scores": [0.9997034668922424, 0.9994717240333557, 0.9976733326911926, 0.9973621964454651, 0.9953930377960205, 0.9944591522216797, 0.9913386106491089, 0.9618109464645386, 0.2858727276325226, 0.2656964063644409, 0.18990275263786316, 0.18160641193389893, 0.13389766216278076, 0.13053849339485168, 0.12868450582027435, 0.11395459622144699, 0.0847112387418747, 0.08065683394670486, 0.07212407141923904, 0.07205213606357574, 0.0704936683177948, 0.06757280975580215, 0.06268158555030823, 0.05926904082298279, 0.058507271111011505, 0.05772855132818222, 0.05565118044614792, 0.055451542139053345, 0.05483796447515488, 0.054031118750572205, 0.0539705790579319, 0.05378403887152672, 0.052662041038274765, 0.051700152456760406], "bboxes": [[928.3829956054688, 389.09014892578125, 1024.760009765625, 554.5997314453125], [923.3295288085938, 217.0162811279297, 1013.3255004882812, 363.1042785644531], [568.2359619140625, 515.420654296875, 788.5291748046875, 636.921630859375], [1025.4564208984375, 208.20648193359375, 1117.9454345703125, 362.57965087890625], [1030.471923828125, 377.0498352050781, 1121.95166015625, 527.3414916992188], [1173.6375732421875, 485.55328369140625, 1285.3306884765625, 654.9608154296875], [1035.259033203125, 524.295654296875, 1139.5811767578125, 695.3590698242188], [570.4286499023438, 635.9867553710938, 799.0401611328125, 758.6060791015625], [1035.6256103515625, 422.8435363769531, 1133.023193359375, 665.5703125], [570.7776489257812, 563.9810791015625, 799.4122924804688, 725.3291625976562], [943.371337890625, 209.72979736328125, 1071.08056640625, 365.9833984375], [571.3008422851562, 517.4491577148438, 790.7731323242188, 631.3580932617188], [572.8832397460938, 640.5565185546875, 799.0040283203125, 760.68408203125], [919.6619873046875, 258.7915954589844, 1025.7855224609375, 477.34320068359375], [1035.4400634765625, 527.3978271484375, 1139.94091796875, 698.3059692382812], [572.7896118164062, 517.1382446289062, 789.921630859375, 633.5889892578125], [572.8832397460938, 640.5565185546875, 799.0040283203125, 760.68408203125], [1036.643310546875, 525.5277099609375, 1138.7205810546875, 696.9642944335938], [1010.7078247070312, 379.0723571777344, 1129.112060546875, 554.9697875976562], [977.9119262695312, 386.3916320800781, 1111.0316162109375, 544.1358642578125], [928.9608764648438, 386.5246887207031, 1037.056640625, 550.6683349609375], [572.7896118164062, 517.1382446289062, 789.921630859375, 633.5889892578125], [751.0498657226562, 648.7265014648438, 791.9652709960938, 713.7783203125], [934.270751953125, 330.7815856933594, 1011.1710815429688, 362.0849914550781], [1028.685546875, 384.3924255371094, 1134.9530029296875, 665.4031372070312], [572.8832397460938, 640.5565185546875, 799.0040283203125, 760.68408203125], [1016.8947143554688, 208.42935180664062, 1123.552978515625, 364.9137268066406], [1049.9564208984375, 331.42340087890625, 1112.0489501953125, 360.0187683105469], [1079.6307373046875, 487.06500244140625, 1281.9385986328125, 688.3860473632812], [1025.481201171875, 449.79351806640625, 1158.5101318359375, 679.6276245117188], [1032.72705078125, 447.5455017089844, 1118.94189453125, 522.2975463867188], [1018.7488403320312, 247.34312438964844, 1126.2244873046875, 450.07305908203125], [1173.7056884765625, 485.01446533203125, 1284.1170654296875, 655.7719116210938], [1050.6842041015625, 609.1487426757812, 1135.6170654296875, 697.5415649414062]]}