{"labels": [1, 1, 0, 1, 2, 1, 1, 1, 3, 2, 2, 3, 1], "scores": [0.9974983334541321, 0.9039243459701538, 0.16118529438972473, 0.12270813435316086, 0.11456939578056335, 0.11073260754346848, 0.10728952288627625, 0.10148417204618454, 0.06572186946868896, 0.06396111845970154, 0.06243354454636574, 0.05889652296900749, 0.052966054528951645], "bboxes": [[981.8777465820312, 378.48297119140625, 1360.1448974609375, 564.4832153320312], [1078.8045654296875, 46.37263488769531, 1246.2734375, 283.1565246582031], [981.6527099609375, 375.19476318359375, 1366.134521484375, 566.6133422851562], [1039.0977783203125, 117.28791046142578, 1328.740966796875, 483.10693359375], [1075.7686767578125, 50.066532135009766, 1216.2071533203125, 257.0141296386719], [1073.46484375, 40.61953353881836, 1380.979736328125, 317.64599609375], [1083.2552490234375, 53.0225715637207, 1207.12060546875, 209.94862365722656], [254.4633331298828, 175.14906311035156, 503.2795715332031, 527.9447021484375], [998.0120849609375, 378.6084289550781, 1342.71337890625, 559.2315673828125], [981.6527099609375, 375.19476318359375, 1366.134521484375, 566.6133422851562], [1085.0418701171875, 49.32896041870117, 1199.7965087890625, 175.58871459960938], [1079.211181640625, 45.6429328918457, 1246.4744873046875, 283.3701171875], [68.72974395751953, 180.89697265625, 541.8348388671875, 680.3817138671875]]}