{"labels": [0, 2, 1, 3], "scores": [0.9930520057678223, 0.1792023926973343, 0.09531343728303909, 0.08597385883331299], "bboxes": [[952.2763061523438, 786.978759765625, 1084.95458984375, 864.7591552734375], [951.8003540039062, 786.9400024414062, 1085.025634765625, 864.42333984375], [949.4847412109375, 787.393798828125, 1081.871826171875, 861.8670043945312], [951.8003540039062, 786.9400024414062, 1085.025634765625, 864.42333984375]]}