{"labels": [1, 1, 1, 0, 2, 1, 1, 2, 0, 0, 0, 2, 0], "scores": [0.9263051152229309, 0.6633071899414062, 0.17087073624134064, 0.16154877841472626, 0.07488695532083511, 0.0717901661992073, 0.06831254065036774, 0.06393514573574066, 0.057262636721134186, 0.052858684211969376, 0.05202753096818924, 0.05115668103098869, 0.050697967410087585], "bboxes": [[991.9802856445312, 757.125732421875, 1134.76904296875, 828.9993286132812], [846.2424926757812, 548.9575805664062, 932.485107421875, 755.584228515625], [932.990966796875, 499.2498474121094, 988.0970458984375, 607.7343139648438], [943.6522827148438, 562.10595703125, 986.0314331054688, 605.0464477539062], [930.3070068359375, 499.1543884277344, 988.7401733398438, 608.7091674804688], [827.9530029296875, 648.7949829101562, 929.2815551757812, 762.44189453125], [941.682861328125, 544.8817138671875, 986.64453125, 604.4635620117188], [843.54736328125, 530.8828735351562, 934.1217651367188, 749.6220092773438], [940.7429809570312, 515.25244140625, 986.67626953125, 604.8064575195312], [952.6499633789062, 110.28971862792969, 1023.6045532226562, 147.94052124023438], [956.1270141601562, 548.4053955078125, 992.42626953125, 602.9119262695312], [991.9802856445312, 757.125732421875, 1134.76904296875, 828.9993286132812], [993.3196411132812, 756.3253173828125, 1133.3519287109375, 828.148681640625]]}