{"labels": [0, 0, 0, 0, 0, 0, 2, 1, 0], "scores": [0.263013631105423, 0.25032368302345276, 0.2268529236316681, 0.17736557126045227, 0.07365518808364868, 0.06751415878534317, 0.0638006404042244, 0.05531349405646324, 0.052626725286245346], "bboxes": [[828.15625, 833.2596435546875, 876.3599243164062, 857.5951538085938], [943.9533081054688, 680.5113525390625, 996.4058227539062, 703.0367431640625], [773.5153198242188, 901.4620361328125, 801.9462280273438, 945.1962280273438], [949.4005126953125, 573.2954711914062, 1072.8377685546875, 635.4742431640625], [953.2943725585938, 598.8512573242188, 987.1301879882812, 629.7303466796875], [967.880126953125, 488.80517578125, 1031.109619140625, 521.7081909179688], [949.4005126953125, 573.2954711914062, 1072.8377685546875, 635.4742431640625], [773.5153198242188, 901.4620361328125, 801.9462280273438, 945.1962280273438], [953.7008056640625, 722.7826538085938, 988.328125, 750.75732421875]]}