{"labels": [0, 0, 0, 0, 0, 0, 0, 0, 0, 0, 0, 0, 0, 0, 0, 0, 0, 0, 0, 0, 1, 0, 2, 0, 0, 0, 2, 0, 0, 0, 2, 1, 2, 1, 0, 1, 0, 0, 0, 0, 0, 0, 0, 3, 0, 0, 0, 0, 0, 0, 0, 2, 0, 0, 0], "scores": [0.9981706142425537, 0.9977149963378906, 0.9907793998718262, 0.9870217442512512, 0.986588180065155, 0.9791321754455566, 0.9769684672355652, 0.9551320672035217, 0.7062546610832214, 0.6556140780448914, 0.5544797778129578, 0.4136047065258026, 0.3476913869380951, 0.2155214101076126, 0.20768816769123077, 0.15577957034111023, 0.13758787512779236, 0.12767073512077332, 0.11909474432468414, 0.11389189213514328, 0.11123041063547134, 0.10652551054954529, 0.10451614856719971, 0.09994091838598251, 0.09782268851995468, 0.08800825476646423, 0.08730588853359222, 0.08539971709251404, 0.08232737332582474, 0.08054777979850769, 0.07869769632816315, 0.07725533843040466, 0.07448112964630127, 0.07049873471260071, 0.06562905758619308, 0.06400604546070099, 0.0634518712759018, 0.06343749910593033, 0.06268224865198135, 0.06250868737697601, 0.062366072088479996, 0.061680831015110016, 0.060709502547979355, 0.06018431857228279, 0.060172948986291885, 0.05993472412228584, 0.05715823918581009, 0.05698622763156891, 0.052535220980644226, 0.05242959037423134, 0.052208684384822845, 0.05175180733203888, 0.05140124261379242, 0.05092165246605873, 0.0509197972714901], "bboxes": [[1456.6522216796875, 450.1408996582031, 1519.435546875, 542.3779296875], [766.9146118164062, 494.1944885253906, 849.9296264648438, 582.625732421875], [1243.5245361328125, 550.164794921875, 1396.58544921875, 637.64990234375], [985.9563598632812, 555.55078125, 1151.08349609375, 654.91650390625], [1289.2413330078125, 438.2603454589844, 1347.7698974609375, 528.4492797851562], [1148.547119140625, 521.5956420898438, 1215.987548828125, 612.6753540039062], [912.9717407226562, 664.4942016601562, 1050.362060546875, 744.0594482421875], [1014.1446533203125, 481.55157470703125, 1147.28955078125, 537.7158813476562], [991.9434814453125, 549.3369750976562, 1142.7952880859375, 612.7321166992188], [1010.8551635742188, 529.761474609375, 1141.18359375, 567.9937744140625], [1176.476806640625, 499.01513671875, 1344.018310546875, 555.270751953125], [1006.4956665039062, 505.5986633300781, 1147.428466796875, 580.979736328125], [1274.136962890625, 600.4497680664062, 1386.36181640625, 639.7998657226562], [1353.9229736328125, 444.2580261230469, 1394.8380126953125, 516.336669921875], [1179.8426513671875, 507.96075439453125, 1294.7362060546875, 548.375], [1001.0169067382812, 558.9041748046875, 1129.22607421875, 594.4812622070312], [1180.307373046875, 506.76513671875, 1237.837158203125, 528.629150390625], [1024.8455810546875, 602.964111328125, 1148.641845703125, 655.2523803710938], [1258.929931640625, 552.0128173828125, 1309.9710693359375, 578.877197265625], [1180.1715087890625, 498.3638000488281, 1224.044189453125, 521.382080078125], [1012.385498046875, 481.7948913574219, 1148.015869140625, 550.7989501953125], [1005.652587890625, 546.8217163085938, 1247.9326171875, 650.218017578125], [913.1769409179688, 664.57470703125, 1052.5592041015625, 744.7987060546875], [268.4558410644531, 281.77880859375, 314.2713623046875, 314.5343322753906], [1185.74462890625, 516.5098266601562, 1262.053466796875, 541.3977661132812], [1002.1514282226562, 545.6231079101562, 1135.467041015625, 582.853515625], [766.9007568359375, 493.4152526855469, 849.4000244140625, 583.1648559570312], [1179.5665283203125, 503.0045166015625, 1262.1875, 533.9769897460938], [1010.7943115234375, 539.9444580078125, 1111.6617431640625, 563.1908569335938], [1158.514892578125, 524.824462890625, 1217.5606689453125, 561.7691040039062], [1457.767822265625, 449.0093994140625, 1518.698974609375, 542.1112670898438], [912.7067260742188, 664.8450927734375, 1051.537109375, 744.5628051757812], [1290.4417724609375, 437.50628662109375, 1347.5638427734375, 528.58837890625], [767.0545043945312, 493.3223571777344, 848.7872314453125, 582.923583984375], [1101.7862548828125, 488.0814514160156, 1150.37109375, 522.2132568359375], [1457.639892578125, 448.69805908203125, 1518.1064453125, 541.2352905273438], [1173.530029296875, 515.9174194335938, 1225.6419677734375, 537.5842895507812], [926.7113647460938, 656.529296875, 1142.7730712890625, 747.8788452148438], [1241.740478515625, 449.20013427734375, 1343.7215576171875, 522.6912231445312], [1016.5078125, 588.1263427734375, 1156.268798828125, 638.5380249023438], [1469.75732421875, 448.27020263671875, 1511.1533203125, 472.3603210449219], [481.1048889160156, 741.7975463867188, 606.9330444335938, 959.89990234375], [1178.3427734375, 455.18280029296875, 1340.9517822265625, 535.8543701171875], [913.0240478515625, 665.6765747070312, 1051.33154296875, 744.6184692382812], [957.3043823242188, 498.9295349121094, 1140.8624267578125, 611.9421997070312], [1188.97119140625, 524.8612060546875, 1255.998046875, 552.9888305664062], [918.8111572265625, 664.6614379882812, 977.2060546875, 692.2630615234375], [1463.833740234375, 452.3915710449219, 1510.6007080078125, 500.1413269042969], [1168.0609130859375, 517.0523071289062, 1284.555419921875, 583.321044921875], [1566.25390625, 793.81787109375, 1611.82177734375, 820.048828125], [1161.43359375, 537.177490234375, 1263.0625, 609.0060424804688], [1148.6058349609375, 521.0637817382812, 1215.275634765625, 613.1116333007812], [1226.4805908203125, 523.5245971679688, 1394.8106689453125, 605.0101318359375], [1124.873779296875, 545.0267944335938, 1380.1031494140625, 642.3824462890625], [1156.30517578125, 502.45361328125, 1232.78759765625, 582.7400512695312]]}