{"labels": [0, 0, 0], "scores": [0.9007159471511841, 0.8592361211776733, 0.12123465538024902], "bboxes": [[59.27475357055664, 231.09803771972656, 160.57858276367188, 335.6239318847656], [163.2864990234375, 155.1324920654297, 369.891357421875, 251.68307495117188], [127.9305419921875, 20.00495147705078, 366.1548767089844, 249.16171264648438]]}