{"labels": [0, 0, 0, 0, 0, 0, 0, 1, 0, 2, 0, 2, 1, 0, 0], "scores": [0.9873296022415161, 0.9167337417602539, 0.7842357754707336, 0.7128921747207642, 0.7050679326057434, 0.5642313361167908, 0.19943633675575256, 0.12833823263645172, 0.10838046669960022, 0.10010067373514175, 0.09718448668718338, 0.09512528777122498, 0.06656960397958755, 0.06594518572092056, 0.05632800608873367], "bboxes": [[1022.054931640625, 106.16155242919922, 1096.40283203125, 171.07803344726562], [920.4757080078125, 153.4390869140625, 1029.4586181640625, 224.50363159179688], [940.9163818359375, 158.9647216796875, 1007.0067749023438, 208.48826599121094], [956.9651489257812, 149.46424865722656, 1029.88427734375, 205.52505493164062], [922.3187866210938, 174.41693115234375, 984.3089599609375, 221.281005859375], [835.2918090820312, 232.95913696289062, 900.9483032226562, 277.6322326660156], [978.4019165039062, 150.35394287109375, 1033.3084716796875, 190.30682373046875], [440.46319580078125, 314.57159423828125, 496.9856262207031, 374.611572265625], [1814.281005859375, 254.7216796875, 1847.4739990234375, 314.1585998535156], [1022.4244384765625, 108.84319305419922, 1100.0479736328125, 172.59957885742188], [963.9991455078125, 101.5742416381836, 1091.061279296875, 177.8318634033203], [920.4757080078125, 153.4390869140625, 1029.4586181640625, 224.50363159179688], [1022.6998901367188, 109.11231231689453, 1100.417236328125, 172.3849334716797], [1058.0257568359375, 111.34325408935547, 1100.0220947265625, 164.57374572753906], [914.2767333984375, 120.16085815429688, 1065.7579345703125, 224.44602966308594]]}