{"labels": [0], "scores": [0.13450106978416443], "bboxes": [[821.3914184570312, 613.8526611328125, 912.3111572265625, 875.9486694335938]]}