{"labels": [0, 0, 0, 0, 0, 0, 0, 0, 2, 0, 2, 2], "scores": [0.9998670816421509, 0.9998339414596558, 0.9997687935829163, 0.9994420409202576, 0.9976693987846375, 0.3056102395057678, 0.10489358007907867, 0.09672639518976212, 0.09001027792692184, 0.0722087100148201, 0.0659569725394249, 0.058527227491140366], "bboxes": [[916.1417846679688, 8.676013946533203, 1404.884033203125, 611.9491577148438], [1184.2969970703125, 4.789182186126709, 1642.086669921875, 541.447998046875], [638.4778442382812, 107.93035125732422, 1093.7298583984375, 711.406494140625], [1479.113037109375, 2.2282471656799316, 1912.5924072265625, 452.93353271484375], [770.7417602539062, 62.27011489868164, 1243.1051025390625, 672.4764404296875], [2.6294493675231934, 849.0860595703125, 78.2567138671875, 1078.09912109375], [999.29541015625, 308.4032287597656, 1399.7249755859375, 617.0678100585938], [699.7599487304688, 428.2902526855469, 1092.64453125, 708.686767578125], [824.96044921875, 53.555076599121094, 1437.221435546875, 646.2619018554688], [1278.034423828125, 225.16029357910156, 1649.1461181640625, 540.9159545898438], [643.8421630859375, 98.85551452636719, 1101.310546875, 685.6572875976562], [1371.915771484375, 13.532695770263672, 1819.2860107421875, 478.3710632324219]]}