{"labels": [0, 0, 0, 0, 0, 0, 0, 2, 1, 2, 2, 3, 3, 0, 3], "scores": [0.9996196031570435, 0.9982761144638062, 0.9971985816955566, 0.9952895641326904, 0.15487530827522278, 0.12337061762809753, 0.08151914924383163, 0.07822583615779877, 0.07459428906440735, 0.07114357501268387, 0.062114425003528595, 0.061501458287239075, 0.059799276292324066, 0.05467422679066658, 0.053610917180776596], "bboxes": [[816.5101928710938, 0.32829347252845764, 1610.0240478515625, 539.0661010742188], [0.0, 375.793701171875, 775.6103515625, 1072.4464111328125], [271.5872497558594, 176.61151123046875, 1082.6270751953125, 912.5369262695312], [556.899658203125, 35.40691375732422, 1355.25341796875, 723.0394897460938], [420.3097229003906, 456.1593017578125, 1098.84814453125, 901.056640625], [989.368408203125, 161.3748779296875, 1580.1553955078125, 520.2044067382812], [202.70944213867188, 476.6195068359375, 858.8243408203125, 965.6072387695312], [531.8242797851562, 5.3349833488464355, 1389.099853515625, 699.9468383789062], [860.4470825195312, 0.0, 1607.0360107421875, 552.94775390625], [843.9249267578125, 0.0, 1596.6895751953125, 593.60205078125], [263.7593078613281, 174.6639862060547, 1096.26611328125, 918.2276000976562], [274.33294677734375, 169.420166015625, 1087.83203125, 910.9710693359375], [766.3515625, 0.20265381038188934, 1511.298095703125, 623.7589111328125], [980.9806518554688, 452.3529052734375, 1334.744140625, 732.0770263671875], [0.0, 396.4859924316406, 794.620361328125, 1069.6630859375]]}