{"labels": [0, 0, 0, 0, 0, 0, 0, 0, 0, 0, 0, 0, 0, 0, 0, 0, 0, 0, 0, 0, 0, 0, 0, 0, 0, 0, 0, 0, 0, 0, 0, 0, 0, 0, 0, 0, 0, 0, 0, 0, 0, 0, 0, 0, 0, 0, 0, 0, 0, 0, 0, 0, 0, 0, 0, 0, 0, 0, 0, 0, 0, 0, 0, 0, 0, 0, 0, 0, 0, 0, 0, 0, 0, 0, 0, 0, 0, 0, 0, 0, 0, 0, 0, 0, 0, 0, 0, 0, 0, 0, 0, 0, 0, 0, 0, 0], "scores": [0.9524029493331909, 0.9233372211456299, 0.9197637438774109, 0.9131949543952942, 0.9022994041442871, 0.9018746018409729, 0.9000527858734131, 0.8984768986701965, 0.8974905610084534, 0.8951127529144287, 0.8737397193908691, 0.8554758429527283, 0.8498942852020264, 0.8397419452667236, 0.8397007584571838, 0.8383952975273132, 0.8093592524528503, 0.8089928030967712, 0.7895588278770447, 0.7651492953300476, 0.7634034156799316, 0.7632878422737122, 0.7586498260498047, 0.7532100081443787, 0.7473347187042236, 0.7431133389472961, 0.7393195033073425, 0.7126263976097107, 0.6991836428642273, 0.6973775625228882, 0.6927147507667542, 0.6805331707000732, 0.6768333315849304, 0.670074462890625, 0.6644891500473022, 0.6604521870613098, 0.6414032578468323, 0.6329468488693237, 0.6310655474662781, 0.6224934458732605, 0.6077420711517334, 0.5728864669799805, 0.5626632571220398, 0.5555675625801086, 0.5397599339485168, 0.5279548168182373, 0.5230641961097717, 0.5181277394294739, 0.49545687437057495, 0.4406451880931854, 0.42997074127197266, 0.42733436822891235, 0.3868861496448517, 0.38528308272361755, 0.3688088059425354, 0.35718756914138794, 0.33586594462394714, 0.33415326476097107, 0.3337823748588562, 0.33308348059654236, 0.303411066532135, 0.30228692293167114, 0.27786192297935486, 0.27207785844802856, 0.26703089475631714, 0.26424849033355713, 0.25877654552459717, 0.25540292263031006, 0.2250799685716629, 0.22231744229793549, 0.2204129844903946, 0.21672098338603973, 0.21517077088356018, 0.20138545334339142, 0.19564010202884674, 0.18611423671245575, 0.18608422577381134, 0.1857205182313919, 0.18484459817409515, 0.17887207865715027, 0.174970805644989, 0.17204119265079498, 0.1690749228000641, 0.16788038611412048, 0.16617484390735626, 0.1618386209011078, 0.1588871330022812, 0.15814124047756195, 0.15205249190330505, 0.14013510942459106, 0.09275615215301514, 0.09240160137414932, 0.08263937383890152, 0.06319335103034973, 0.05499411001801491, 0.05308452621102333], "bboxes": [[423.4644470214844, 915.960205078125, 463.5648193359375, 966.8309326171875], [518.5263671875, 853.37890625, 556.12890625, 900.0978393554688], [590.3504638671875, 909.3626708984375, 627.181396484375, 954.8759765625], [789.243896484375, 877.4121704101562, 858.2197875976562, 900.3326416015625], [776.9244384765625, 848.6158447265625, 852.249755859375, 875.0350341796875], [421.3023681640625, 866.242919921875, 461.6783447265625, 909.6756591796875], [537.652587890625, 738.3095092773438, 572.0601196289062, 777.985107421875], [773.132080078125, 840.6121826171875, 845.0354614257812, 867.8076171875], [784.2716674804688, 861.7664794921875, 857.6913452148438, 887.8472900390625], [764.5637817382812, 812.9061279296875, 832.12353515625, 839.680419921875], [691.8902587890625, 842.7027587890625, 724.2935180664062, 886.9955444335938], [488.1428527832031, 863.2312622070312, 528.7013549804688, 906.5731201171875], [675.2966918945312, 886.3298950195312, 710.2488403320312, 941.1328735351562], [564.1292114257812, 848.5714721679688, 596.736083984375, 898.291015625], [710.659912109375, 888.4317626953125, 742.1238403320312, 934.5699462890625], [460.86138916015625, 925.9893798828125, 496.0704650878906, 964.1942138671875], [523.3295288085938, 911.1072387695312, 562.2022094726562, 955.867431640625], [664.7283935546875, 843.3923950195312, 695.6700439453125, 894.963134765625], [733.5939331054688, 781.2648315429688, 800.9725952148438, 807.358154296875], [291.0490417480469, 765.5595703125, 322.7892150878906, 797.9108276367188], [252.29534912109375, 761.7723388671875, 284.50396728515625, 799.510986328125], [749.9341430664062, 888.4237060546875, 777.0258178710938, 934.9605712890625], [626.5187377929688, 843.6263427734375, 669.4022216796875, 932.5741577148438], [460.17413330078125, 740.1544189453125, 488.7476501464844, 785.0276489257812], [444.0081481933594, 825.0059204101562, 476.3435363769531, 862.1539916992188], [758.9271850585938, 805.48291015625, 825.1849365234375, 830.5941162109375], [527.2863159179688, 739.9392700195312, 557.5081787109375, 778.4121704101562], [728.681640625, 770.9317016601562, 796.6215209960938, 795.4812622070312], [559.9942016601562, 910.8861694335938, 595.0255737304688, 957.5645141601562], [719.6624145507812, 743.5352783203125, 793.2684326171875, 772.3018798828125], [469.23590087890625, 816.0601806640625, 502.9984436035156, 862.0159301757812], [156.09576416015625, 847.23779296875, 235.30088806152344, 878.4022216796875], [161.0425262451172, 914.7229614257812, 246.47146606445312, 945.3781127929688], [151.47023010253906, 845.2246704101562, 248.36692810058594, 1015.6022338867188], [592.2512817382812, 843.186279296875, 623.3634643554688, 892.3138427734375], [491.0337219238281, 744.3161010742188, 524.5587768554688, 786.2543334960938], [492.91876220703125, 928.3606567382812, 527.5308837890625, 959.2408447265625], [739.9188842773438, 792.0403442382812, 810.8578491210938, 815.7859497070312], [160.64364624023438, 949.2374877929688, 251.25186157226562, 986.7979125976562], [486.39239501953125, 916.7207641601562, 525.7573852539062, 953.4118041992188], [725.5198974609375, 762.4029541015625, 795.7025146484375, 786.6449584960938], [356.64080810546875, 760.3622436523438, 383.91552734375, 794.9113159179688], [768.4747924804688, 828.91943359375, 838.717529296875, 853.6727905273438], [455.88543701171875, 913.5708618164062, 511.49542236328125, 962.2127075195312], [478.4621887207031, 925.1495971679688, 514.3587646484375, 960.8435668945312], [773.17578125, 892.235595703125, 806.8186645507812, 929.052978515625], [1817.354248046875, 986.43310546875, 1882.46240234375, 1078.207275390625], [400.91290283203125, 750.3494262695312, 433.82965087890625, 792.8726806640625], [590.0157470703125, 732.9682006835938, 621.8600463867188, 776.37158203125], [158.4646759033203, 875.5253295898438, 237.4295654296875, 906.0785522460938], [323.41033935546875, 765.0872192382812, 350.99212646484375, 793.5555419921875], [436.0495910644531, 746.8055419921875, 466.1216735839844, 786.8017578125], [653.0694580078125, 812.0569458007812, 683.774658203125, 842.10498046875], [449.04815673828125, 742.705810546875, 475.3929443359375, 784.2158203125], [662.9939575195312, 836.6635131835938, 702.3812255859375, 926.46240234375], [636.5834350585938, 727.86279296875, 667.2443237304688, 770.3055419921875], [437.3023681640625, 919.2589721679688, 474.8439636230469, 964.9102783203125], [715.978759765625, 738.3213500976562, 780.5157470703125, 763.3645629882812], [532.4559326171875, 814.3564453125, 566.9060668945312, 849.2623291015625], [740.50341796875, 887.267578125, 768.4847412109375, 930.47705078125], [302.6202392578125, 769.9225463867188, 340.8592834472656, 798.1448974609375], [665.0896606445312, 722.611083984375, 695.6332397460938, 758.5643310546875], [512.115478515625, 742.2767944335938, 551.0826416015625, 779.7964477539062], [1863.6474609375, 987.2243041992188, 1920.0, 1076.5609130859375], [591.1505126953125, 845.088623046875, 628.6793823242188, 924.2666625976562], [624.4558715820312, 843.3350830078125, 660.44384765625, 894.9056396484375], [156.76925659179688, 855.9751586914062, 241.480712890625, 919.1571044921875], [608.3270874023438, 731.3561401367188, 639.6537475585938, 775.8877563476562], [589.6253662109375, 880.7704467773438, 629.9132080078125, 949.0003051757812], [754.0294799804688, 801.6940307617188, 799.3373413085938, 825.4856567382812], [162.1223602294922, 926.877685546875, 246.97840881347656, 955.0845947265625], [572.16455078125, 734.5115356445312, 600.822509765625, 778.6171875], [491.4337158203125, 737.0531616210938, 576.8532104492188, 787.8088989257812], [153.74874877929688, 888.3704223632812, 243.61575317382812, 927.2599487304688], [778.6344604492188, 896.872802734375, 