{"labels": [0, 0, 0, 0, 0, 0, 0, 2, 0, 0, 1, 1, 2, 1, 1, 1, 2], "scores": [0.9998458623886108, 0.9998062252998352, 0.9994471669197083, 0.9980480670928955, 0.997372031211853, 0.997102677822113, 0.9825679659843445, 0.12361016124486923, 0.10305631905794144, 0.09703082591295242, 0.08359917998313904, 0.07397225499153137, 0.06218183413147926, 0.058304719626903534, 0.056956686079502106, 0.05521383509039879, 0.05057118460536003], "bboxes": [[1089.3646240234375, 395.0799865722656, 1169.6922607421875, 579.46728515625], [785.573486328125, 555.7669067382812, 874.5855102539062, 742.9529418945312], [1093.101318359375, 631.2056884765625, 1175.8372802734375, 819.5734252929688], [812.819580078125, 293.5672607421875, 889.1121215820312, 472.86932373046875], [1077.8653564453125, 31.39517593383789, 1154.3199462890625, 211.91290283203125], [1092.1392822265625, 888.0582275390625, 1180.87841796875, 1079.8809814453125], [851.162841796875, 0.0, 928.8035888671875, 104.49752044677734], [859.9024047851562, 1.880244255065918, 927.0655517578125, 106.64080810546875], [1100.3006591796875, 636.8244018554688, 1172.1961669921875, 715.0567626953125], [819.392333984375, 295.69482421875, 891.9338989257812, 393.3873291015625], [849.4982299804688, 0.0, 927.6400756835938, 104.12461853027344], [1089.4874267578125, 394.71148681640625, 1168.9210205078125, 579.1263427734375], [780.516845703125, 551.0177001953125, 880.7252197265625, 743.33642578125], [812.819580078125, 293.5672607421875, 889.1121215820312, 472.86932373046875], [1078.5140380859375, 30.79236602783203, 1154.0076904296875, 212.7655487060547], [785.0975952148438, 554.218017578125, 876.1597900390625, 744.511962890625], [1084.3243408203125, 631.0785522460938, 1181.0521240234375, 819.2544555664062]]}