{"labels": [0, 0, 0, 0, 0, 0, 0, 0, 1, 1, 0, 0, 2, 2, 2, 1, 2, 1, 1, 2, 1, 0], "scores": [0.999569833278656, 0.9991010427474976, 0.9989433884620667, 0.9967831373214722, 0.9960827827453613, 0.9911370277404785, 0.4999295473098755, 0.33263522386550903, 0.12071366608142853, 0.10542543232440948, 0.09603068232536316, 0.08890774101018906, 0.08299992233514786, 0.08143670856952667, 0.07492248713970184, 0.06742122769355774, 0.06605666130781174, 0.061795517802238464, 0.06141450256109238, 0.059625785797834396, 0.05943905562162399, 0.0529019832611084], "bboxes": [[875.4671630859375, 847.3646240234375, 928.0855102539062, 967.4427490234375], [1061.9476318359375, 515.1382446289062, 1110.871337890625, 621.8374633789062], [1086.359619140625, 67.13617706298828, 1125.552978515625, 163.0095672607422], [1051.5103759765625, 668.0609130859375, 1097.67138671875, 780.753662109375], [922.4852294921875, 344.0693359375, 965.8985595703125, 442.4178771972656], [1080.675537109375, 168.21788024902344, 1124.66064453125, 274.11114501953125], [901.0617065429688, 579.79541015625, 945.146728515625, 700.8046875], [934.8229370117188, 211.84954833984375, 975.6692504882812, 321.345947265625], [873.062744140625, 849.0225830078125, 926.1373901367188, 964.710205078125], [1060.7923583984375, 512.7568359375, 1111.0802001953125, 621.0211791992188], [1063.7960205078125, 520.9422607421875, 1103.5997314453125, 581.7723999023438], [1077.38525390625, 99.78882598876953, 1136.1871337890625, 225.77377319335938], [1058.2645263671875, 511.3674621582031, 1113.612060546875, 621.137939453125], [870.9539184570312, 848.7515258789062, 926.6840209960938, 964.683349609375], [919.77490234375, 341.0377502441406, 970.6650390625, 444.1190490722656], [921.90087890625, 339.5693054199219, 969.3422241210938, 444.69854736328125], [1047.4625244140625, 665.9727783203125, 1103.65283203125, 780.78564453125], [1049.0157470703125, 666.0940551757812, 1102.119384765625, 780.2050170898438], [1086.2703857421875, 66.68978118896484, 1125.4854736328125, 162.8816375732422], [1073.62158203125, 164.73655700683594, 1133.7373046875, 273.4874572753906], [1075.953857421875, 165.74481201171875, 1132.914794921875, 274.0337219238281], [738.9888305664062, 95.69143676757812, 792.6132202148438, 182.19003295898438]]}