{"labels": [0, 1, 2, 3], "scores": [0.9982977509498596, 0.13954222202301025, 0.08536326885223389, 0.053742095828056335], "bboxes": [[1573.1370849609375, 737.3347778320312, 1802.2440185546875, 867.5704345703125], [1575.1873779296875, 739.7225952148438, 1798.1717529296875, 866.3209838867188], [1573.6441650390625, 739.053466796875, 1796.0662841796875, 866.2423095703125], [1575.1873779296875, 739.7225952148438, 1798.1717529296875, 866.3209838867188]]}