{"labels": [0, 0, 0, 0, 0, 0, 1, 2, 0, 1, 0, 0, 0, 2, 0], "scores": [0.9987961053848267, 0.9973854422569275, 0.9935186505317688, 0.9803880453109741, 0.851303219795227, 0.6949083805084229, 0.08870065957307816, 0.08054476231336594, 0.07479878515005112, 0.07022634893655777, 0.06511783599853516, 0.0612250380218029, 0.05985531210899353, 0.05177709832787514, 0.051460519433021545], "bboxes": [[442.1907653808594, 706.2494506835938, 603.7093505859375, 1004.5191040039062], [641.58056640625, 121.80711364746094, 784.6358032226562, 365.1853942871094], [549.9968872070312, 392.6667785644531, 698.3914184570312, 661.26220703125], [959.6105346679688, 470.61712646484375, 1107.7340087890625, 759.3958740234375], [1100.724609375, 3.0894434452056885, 1194.9359130859375, 125.09963989257812], [852.299560546875, 837.4409790039062, 1020.8640747070312, 1080.0], [548.8057861328125, 392.44561767578125, 694.0927124023438, 658.8855590820312], [640.7415771484375, 118.76022338867188, 783.9149169921875, 366.71600341796875], [747.608154296875, 0.0, 832.5148315429688, 61.925540924072266], [641.58056640625, 121.80711364746094, 784.6358032226562, 365.1853942871094], [161.0311737060547, 811.3965454101562, 209.44949340820312, 853.3314208984375], [460.23663330078125, 711.620849609375, 604.1396484375, 869.4131469726562], [1385.5277099609375, 351.9160461425781, 1424.4066162109375, 386.45953369140625], [549.4608764648438, 393.9466247558594, 695.2850952148438, 660.1673583984375], [494.0116882324219, 713.6967163085938, 601.3167724609375, 794.533203125]]}