{"labels": [0, 0, 1, 0, 0, 0, 2, 0], "scores": [0.3775683343410492, 0.2353559136390686, 0.11905257403850555, 0.08137322962284088, 0.07989165186882019, 0.07747754454612732, 0.062358297407627106, 0.05025266483426094], "bboxes": [[513.2929077148438, 854.1050415039062, 577.8704833984375, 967.7889404296875], [750.51025390625, 255.32408142089844, 839.3128662109375, 337.6300964355469], [462.6204528808594, 92.76122283935547, 509.898193359375, 232.3026885986328], [1248.3544921875, 117.48902893066406, 1371.59814453125, 231.87875366210938], [722.5352783203125, 274.56658935546875, 809.04833984375, 340.5089416503906], [751.8099365234375, 262.16522216796875, 800.2794799804688, 331.7457275390625], [746.4356689453125, 267.516845703125, 831.7667846679688, 339.6685485839844], [1229.9173583984375, 98.69781494140625, 1345.885009765625, 201.76510620117188]]}