{"labels": [1, 0, 0, 0, 3, 1, 2, 1, 1, 1, 0, 1], "scores": [0.9894830584526062, 0.20263168215751648, 0.17297199368476868, 0.07625573873519897, 0.07393743097782135, 0.06946788728237152, 0.06400904059410095, 0.0612347275018692, 0.05644260346889496, 0.055201079696416855, 0.0539260059595108, 0.05319470167160034], "bboxes": [[1300.1214599609375, 680.9334106445312, 1386.0106201171875, 734.6107177734375], [758.6397705078125, 646.69189453125, 898.4473876953125, 703.899658203125], [1419.43896484375, 651.6613159179688, 1558.7650146484375, 706.594970703125], [386.2137756347656, 682.451904296875, 418.79541015625, 704.3768310546875], [1298.7286376953125, 681.0690307617188, 1386.3673095703125, 734.6047973632812], [1560.7041015625, 576.7957153320312, 1673.826171875, 732.5546875], [1301.3895263671875, 679.3614501953125, 1382.8121337890625, 736.128662109375], [1334.518310546875, 681.8394775390625, 1387.504638671875, 725.628173828125], [1417.52734375, 652.9972534179688, 1558.64404296875, 707.1398315429688], [1258.8450927734375, 684.5422973632812, 1373.46240234375, 747.0426635742188], [89.78221130371094, 670.5653076171875, 122.25279235839844, 692.8377075195312], [759.83740234375, 648.8148193359375, 893.0040893554688, 706.03076171875]]}