{"labels": [0, 0, 0, 1, 0], "scores": [0.13084617257118225, 0.08006085455417633, 0.051903560757637024, 0.05129289999604225, 0.05088341608643532], "bboxes": [[766.6967163085938, 368.9980773925781, 812.5740966796875, 394.8515625], [802.0392456054688, 867.0974731445312, 902.6434326171875, 934.3623046875], [1120.0762939453125, 417.2023010253906, 1161.91552734375, 442.94512939453125], [766.6967163085938, 368.9980773925781, 812.5740966796875, 394.8515625], [720.6937255859375, 427.22747802734375, 747.9286499023438, 471.4146423339844]]}