{"labels": [1, 1, 2, 0, 3, 1, 0, 1, 2, 0, 1, 1], "scores": [0.9548399448394775, 0.6494422554969788, 0.17001764476299286, 0.07259079813957214, 0.06634587794542313, 0.06585423648357391, 0.06119910255074501, 0.06059815362095833, 0.060296185314655304, 0.05540238320827484, 0.05389054864645004, 0.052051763981580734], "bboxes": [[642.1914672851562, 508.2181701660156, 709.7984619140625, 583.269287109375], [70.17570495605469, 317.726806640625, 139.29330444335938, 368.8756408691406], [643.8079223632812, 507.9240417480469, 708.375, 580.6370239257812], [735.6503295898438, 118.21721649169922, 766.125, 142.92095947265625], [636.6674194335938, 511.9239196777344, 710.1583251953125, 583.340576171875], [615.0647583007812, 461.0574645996094, 670.634033203125, 520.148193359375], [643.8079223632812, 507.9240417480469, 708.375, 580.6370239257812], [627.6829833984375, 474.7449645996094, 709.4536743164062, 554.60888671875], [70.17570495605469, 317.726806640625, 139.29330444335938, 368.8756408691406], [737.4410400390625, 122.72056579589844, 776.3677978515625, 148.31961059570312], [644.5428466796875, 536.5762329101562, 696.8140869140625, 582.3162231445312], [616.919189453125, 450.7951354980469, 710.8585205078125, 523.2258911132812]]}