{"labels": [1, 0, 1], "scores": [0.6021554470062256, 0.22541092336177826, 0.12688621878623962], "bboxes": [[826.3098754882812, 169.87852478027344, 858.1085815429688, 250.1381378173828], [826.3392333984375, 169.5326690673828, 857.943115234375, 250.1148223876953], [426.8050842285156, 35.683170318603516, 471.6413879394531, 78.58560180664062]]}