{"labels": [0, 1, 1, 2, 1, 0, 2, 1, 0, 0, 2, 2, 1, 0], "scores": [0.997346043586731, 0.36234214901924133, 0.2314687967300415, 0.1414719969034195, 0.1340884268283844, 0.10401713103055954, 0.08146999776363373, 0.07866664230823517, 0.07422124594449997, 0.06402704119682312, 0.06228261440992355, 0.06026158854365349, 0.056041035801172256, 0.055756740272045135], "bboxes": [[978.9505004882812, 632.3997802734375, 1037.8997802734375, 719.2127075195312], [975.9004516601562, 543.1953735351562, 1055.62841796875, 589.6441040039062], [977.98779296875, 541.7667846679688, 1077.9566650390625, 682.6691284179688], [982.1117553710938, 629.5704345703125, 1041.409912109375, 718.310546875], [981.4742431640625, 618.7046508789062, 1046.197998046875, 717.1973876953125], [847.7433471679688, 461.8383483886719, 881.674072265625, 495.55126953125], [975.9004516601562, 543.1953735351562, 1055.62841796875, 589.6441040039062], [976.9317626953125, 540.2568969726562, 1080.7210693359375, 612.2804565429688], [980.6332397460938, 585.1738891601562, 1059.292724609375, 713.1620483398438], [892.2865600585938, 563.6185302734375, 963.2860107421875, 591.168701171875], [978.33642578125, 531.302734375, 1082.2354736328125, 716.5861206054688], [977.7217407226562, 547.590087890625, 1066.3878173828125, 636.2536010742188], [869.5654296875, 548.6038818359375, 1050.078125, 682.7782592773438], [1742.5411376953125, 548.1599731445312, 1788.5694580078125, 573.1377563476562]]}