{"labels": [0, 2, 0, 1, 0, 1, 0, 3, 2, 2, 2, 1, 2, 2, 2], "scores": [0.9995521903038025, 0.7465952634811401, 0.5891740322113037, 0.3043168783187866, 0.29329368472099304, 0.2890908420085907, 0.18088166415691376, 0.13358387351036072, 0.1098274365067482, 0.09143390506505966, 0.08768492937088013, 0.07278609275817871, 0.0587352029979229, 0.05613907799124718, 0.05538233369588852], "bboxes": [[874.9783325195312, 839.008056640625, 933.317626953125, 939.9124755859375], [1009.2230224609375, 901.9539184570312, 1100.234375, 976.8365478515625], [932.3701782226562, 843.2407836914062, 958.470947265625, 892.0166015625], [1012.1734619140625, 913.12060546875, 1098.791259765625, 976.6093139648438], [1012.1734619140625, 913.12060546875, 1098.791259765625, 976.6093139648438], [893.891357421875, 997.0964965820312, 1043.637451171875, 1078.0242919921875], [840.6290283203125, 855.1881103515625, 864.3070068359375, 912.6140747070312], [1009.290283203125, 901.8182373046875, 1101.292236328125, 977.4237060546875], [1010.045654296875, 921.540771484375, 1082.3551025390625, 966.8828735351562], [873.6292724609375, 837.9200439453125, 933.5999145507812, 941.9235229492188], [1020.6375122070312, 901.2628784179688, 1080.493408203125, 953.508056640625], [874.66064453125, 839.19921875, 933.3532104492188, 939.1813354492188], [1054.9549560546875, 920.1953735351562, 1100.4937744140625, 967.4619140625], [1026.9090576171875, 930.78857421875, 1099.6690673828125, 975.33349609375], [950.5348510742188, 873.659912109375, 1106.3197021484375, 975.584716796875]]}