{"labels": [1, 2, 1, 1, 2, 2, 0, 1, 0], "scores": [0.5908229947090149, 0.24312621355056763, 0.1447914093732834, 0.12049726396799088, 0.06682958453893661, 0.06422057002782822, 0.062021974474191666, 0.053800176829099655, 0.05248037725687027], "bboxes": [[850.1275024414062, 391.2956848144531, 947.3038330078125, 589.1732177734375], [850.1275024414062, 391.2956848144531, 947.3038330078125, 589.1732177734375], [813.0560302734375, 242.4857635498047, 950.8470458984375, 576.9325561523438], [855.8828735351562, 517.4755249023438, 943.7374877929688, 590.5005493164062], [855.8828735351562, 517.4755249023438, 943.7374877929688, 590.5005493164062], [813.0560302734375, 242.4857635498047, 950.8470458984375, 576.9325561523438], [868.3795776367188, 812.947509765625, 899.1173706054688, 853.6064453125], [1199.61865234375, 42.298458099365234, 1447.326171875, 150.0131378173828], [851.2450561523438, 390.23956298828125, 946.9674682617188, 590.1080322265625]]}