{"labels": [0, 2, 0, 1, 3, 0, 2, 0, 1, 2, 2, 0, 0, 3, 0, 3], "scores": [0.9938653111457825, 0.8016899824142456, 0.33016082644462585, 0.23906120657920837, 0.18145586550235748, 0.16916127502918243, 0.11315808445215225, 0.10299118608236313, 0.0974682867527008, 0.07764903455972672, 0.07014235854148865, 0.0698188990354538, 0.06045830249786377, 0.05840897932648659, 0.05383952334523201, 0.05054724961519241], "bboxes": [[847.701416015625, 671.5638427734375, 932.5729370117188, 751.7166748046875], [986.469482421875, 743.0608520507812, 1068.2119140625, 809.1657104492188], [985.4440307617188, 742.7809448242188, 1067.4503173828125, 809.082275390625], [982.9804077148438, 749.754150390625, 1066.32421875, 810.0529174804688], [985.6279907226562, 743.4724731445312, 1068.366455078125, 809.1651000976562], [930.3341674804688, 696.558349609375, 955.55908203125, 745.0573120117188], [842.77978515625, 671.960693359375, 935.9055786132812, 752.2310180664062], [896.1221923828125, 829.9590454101562, 1064.153564453125, 1068.5352783203125], [843.0228881835938, 671.153076171875, 935.443603515625, 752.6568603515625], [980.7930908203125, 749.9669799804688, 1044.9937744140625, 794.5125732421875], [1006.9029541015625, 761.167724609375, 1071.4853515625, 803.3798217773438], [840.7975463867188, 712.4005737304688, 869.2727661132812, 759.92626953125], [839.6095581054688, 687.958984375, 901.2122192382812, 753.7481079101562], [845.2487182617188, 671.6892700195312, 935.4943237304688, 752.19482421875], [778.9788818359375, 675.9520263671875, 922.8438110351562, 755.5820922851562], [931.7221069335938, 737.2918090820312, 1083.537841796875, 822.0307006835938]]}