{"labels": [1, 1, 1, 2, 1, 0, 3, 1, 1, 0, 1, 0], "scores": [0.9869455695152283, 0.6832998991012573, 0.1332802027463913, 0.12726658582687378, 0.12235113233327866, 0.1091945692896843, 0.09034160524606705, 0.0811157152056694, 0.06333691626787186, 0.0633108913898468, 0.060033295303583145, 0.054420169442892075], "bboxes": [[592.1228637695312, 9.788818359375, 1049.2193603515625, 603.2039184570312], [1408.8758544921875, 783.2957763671875, 1820.873291015625, 1080.0], [685.079833984375, 298.6379089355469, 1053.7471923828125, 601.0870361328125], [567.5720825195312, 3.3837671279907227, 1054.06689453125, 610.3244018554688], [596.3111572265625, 6.507971286773682, 894.6139526367188, 437.3616027832031], [1410.597900390625, 780.3978271484375, 1781.3275146484375, 1074.6951904296875], [582.1616821289062, 43.67990493774414, 1070.4947509765625, 589.8814086914062], [1402.4599609375, 583.9406127929688, 1447.8843994140625, 705.6759033203125], [1277.781005859375, 790.39013671875, 1663.5546875, 1062.7899169921875], [592.0534057617188, 5.628669738769531, 1054.0986328125, 605.7388916015625], [561.822509765625, 2.5057618618011475, 1472.6964111328125, 658.729736328125], [292.4217224121094, 890.922607421875, 679.598388671875, 1073.15234375]]}