{"labels": [0, 1, 2, 0, 0, 2, 1, 2], "scores": [0.8583610653877258, 0.4806165397167206, 0.13160179555416107, 0.12943260371685028, 0.09569723159074783, 0.06739617139101028, 0.058139365166425705, 0.05673427879810333], "bboxes": [[596.428955078125, 626.718994140625, 638.20361328125, 668.1217041015625], [283.49273681640625, 948.883544921875, 345.9953308105469, 1012.7758178710938], [282.2160949707031, 948.8496704101562, 348.90875244140625, 1012.4847412109375], [347.60516357421875, 926.0599365234375, 474.2095031738281, 1040.4310302734375], [593.5297241210938, 642.3831176757812, 631.2521362304688, 676.4566650390625], [347.60516357421875, 926.0599365234375, 474.2095031738281, 1040.4310302734375], [347.1551208496094, 925.657958984375, 474.0920104980469, 1039.8681640625], [596.2720947265625, 626.90478515625, 638.8907470703125, 667.1994018554688]]}