{"labels": [0, 2, 1, 0, 3, 2, 2, 2, 2, 2, 2, 2, 0, 2, 2, 3, 2, 3, 0, 2, 1], "scores": [0.9886652231216431, 0.731759250164032, 0.30143505334854126, 0.26580193638801575, 0.16422508656978607, 0.15171101689338684, 0.12744192779064178, 0.09930597990751266, 0.09082327783107758, 0.08112212270498276, 0.07448139041662216, 0.06912676244974136, 0.06431938707828522, 0.06289441138505936, 0.06036816164851189, 0.060225918889045715, 0.0574364997446537, 0.056901928037405014, 0.05138259008526802, 0.05127446725964546, 0.05048080161213875], "bboxes": [[890.510498046875, 479.92181396484375, 1038.471435546875, 573.7899780273438], [752.8961181640625, 360.463623046875, 869.6812744140625, 426.14715576171875], [753.81787109375, 360.48419189453125, 868.9924926757812, 429.6405029296875], [753.81787109375, 360.48419189453125, 868.9924926757812, 429.6405029296875], [753.81787109375, 360.48419189453125, 868.9924926757812, 429.6405029296875], [783.123779296875, 369.90985107421875, 863.3505249023438, 412.9840087890625], [767.94189453125, 379.4085388183594, 849.7203369140625, 420.63189697265625], [833.9129028320312, 371.60150146484375, 869.5873413085938, 411.4482727050781], [890.510498046875, 479.92181396484375, 1038.471435546875, 573.7899780273438], [795.5259399414062, 358.39373779296875, 842.9094848632812, 400.96661376953125], [813.4278564453125, 362.4368591308594, 863.1832275390625, 404.43389892578125], [757.2810668945312, 385.904541015625, 820.7908935546875, 421.94830322265625], [938.3690795898438, 475.127197265625, 1013.820068359375, 568.802001953125], [753.126708984375, 385.59454345703125, 792.059326171875, 423.4988708496094], [752.2950439453125, 363.6187438964844, 889.1837768554688, 479.2043151855469], [891.6815185546875, 481.05792236328125, 1037.572509765625, 573.6944580078125], [812.789306640625, 372.210205078125, 873.552734375, 423.43780517578125], [784.8314819335938, 365.8372802734375, 848.9697265625, 415.1714172363281], [889.2395629882812, 501.8310852050781, 999.1630249023438, 565.6212158203125], [771.7255859375, 361.3092041015625, 824.329833984375, 405.2073974609375], [890.510498046875, 479.92181396484375, 1038.471435546875, 573.7899780273438]]}