{"labels": [0, 0, 0, 0, 0, 0, 0, 0, 0, 0, 0, 0, 0, 0, 0, 0, 0, 0, 0, 0, 0, 2, 0, 0, 0, 0, 0, 1, 1, 1, 0, 1, 2, 3, 2, 0, 0, 1, 0, 1, 2, 0, 0, 0, 2], "scores": [0.99739009141922, 0.993413507938385, 0.9926364421844482, 0.9903144240379333, 0.9874593019485474, 0.9862453937530518, 0.9842038750648499, 0.983182430267334, 0.9790648221969604, 0.9658569693565369, 0.9244310259819031, 0.92363041639328, 0.8060048222541809, 0.6966609954833984, 0.35081228613853455, 0.33219847083091736, 0.3087920546531677, 0.30380749702453613, 0.18369463086128235, 0.15680687129497528, 0.1434929370880127, 0.13503575325012207, 0.13466638326644897, 0.1287829428911209, 0.12160705029964447, 0.11505956202745438, 0.11118411272764206, 0.10554502159357071, 0.10463768243789673, 0.10266084969043732, 0.08583222329616547, 0.08299316465854645, 0.0787053182721138, 0.07828352600336075, 0.0782197117805481, 0.07292712479829788, 0.07214874774217606, 0.06575503200292587, 0.06435247510671616, 0.06427093595266342, 0.06328152120113373, 0.062143027782440186, 0.061450544744729996, 0.05896468088030815, 0.05243793874979019], "bboxes": [[1297.753662109375, 790.5025634765625, 1389.5714111328125, 885.138427734375], [1573.6129150390625, 731.3392944335938, 1687.855712890625, 816.7273559570312], [1445.37841796875, 578.1076049804688, 1541.13671875, 650.208740234375], [1393.6220703125, 716.5629272460938, 1502.21044921875, 786.3267211914062], [1652.5760498046875, 582.4359130859375, 1703.7633056640625, 668.25830078125], [1250.222900390625, 545.9715576171875, 1328.1365966796875, 628.987548828125], [1548.097900390625, 634.9131469726562, 1648.9072265625, 701.5614013671875], [1763.8719482421875, 635.9445190429688, 1826.5997314453125, 717.4175415039062], [1389.7183837890625, 676.7236328125, 1496.067626953125, 733.684326171875], [1432.92919921875, 608.171630859375, 1523.61083984375, 663.0589599609375], [1411.6624755859375, 645.7529907226562, 1516.874267578125, 705.461669921875], [1508.667236328125, 661.2256469726562, 1577.5323486328125, 746.6621704101562], [1420.7596435546875, 629.863037109375, 1515.413818359375, 681.783447265625], [1569.9091796875, 760.7999267578125, 1668.7232666015625, 826.262939453125], [1515.6922607421875, 653.3773193359375, 1615.16455078125, 730.6731567382812], [1249.30615234375, 558.4204711914062, 1295.3363037109375, 628.6328125], [1391.97265625, 638.7504272460938, 1529.92822265625, 733.4594116210938], [1396.1097412109375, 656.6178588867188, 1505.0306396484375, 768.7923583984375], [1768.37109375, 619.8562622070312, 1863.080078125, 718.169921875], [1541.5606689453125, 655.5996704101562, 1621.171142578125, 704.2514038085938], [1405.45703125, 634.0626220703125, 1609.2542724609375, 750.2428588867188], [1297.753662109375, 790.5025634765625, 1389.5714111328125, 885.138427734375], [1410.950439453125, 649.3300170898438, 1490.6722412109375, 688.5130615234375], [1424.7723388671875, 616.7510375976562, 1482.8392333984375, 650.0208129882812], [1396.4197998046875, 697.669189453125, 1494.779052734375, 746.2327270507812], [1408.9730224609375, 605.3685302734375, 1536.581298828125, 706.5904541015625], [1698.811279296875, 596.8673095703125, 1740.8568115234375, 664.4818115234375], [1297.753662109375, 790.5025634765625, 1389.5714111328125, 885.138427734375], [1443.1370849609375, 580.108154296875, 1542.1942138671875, 653.9464721679688], [1393.2603759765625, 716.2991333007812, 1499.7884521484375, 786.6128540039062], [1450.1756591796875, 633.5216674804688, 1570.4398193359375, 703.00244140625], [1251.377685546875, 548.268798828125, 1326.0291748046875, 627.2426147460938], [1251.377685546875, 548.268798828125, 1326.0291748046875, 627.2426147460938], [1296.932373046875, 789.61767578125, 1390.7572021484375, 885.346923828125], [1392.052978515625, 716.1619873046875, 1498.943115234375, 786.145263671875], [1390.9461669921875, 679.8992309570312, 1459.459228515625, 723.6725463867188], [1523.3070068359375, 674.0631713867188, 1647.1607666015625, 747.2432861328125], [1550.462646484375, 639.8846435546875, 1646.070068359375, 703.64013671875], [1479.231689453125, 629.9098510742188, 1627.2880859375, 715.0615234375], [1429.9190673828125, 613.5306396484375, 1519.2049560546875, 666.239990234375], [1547.0472412109375, 634.428466796875, 1648.794921875, 701.38525390625], [1395.6083984375, 673.0902709960938, 1623.94140625, 787.258056640625], [1561.4078369140625, 716.3152465820312, 1680.1837158203125, 778.2276611328125], [1287.4273681640625, 730.1319580078125, 1396.8448486328125, 880.30029296875], [1765.3759765625, 633.3981323242188, 1825.0865478515625, 717.6106567382812]]}