{"labels": [0, 0, 0, 0, 0, 1, 1, 0, 1, 0, 1, 2, 0, 0, 2, 2, 0, 2, 0], "scores": [0.9986843466758728, 0.9986131191253662, 0.9969050288200378, 0.9863026738166809, 0.8946940898895264, 0.11925496906042099, 0.10903540998697281, 0.10633966326713562, 0.10186298936605453, 0.07292070239782333, 0.07217995822429657, 0.07029836624860764, 0.06612598896026611, 0.06566420197486877, 0.0643499493598938, 0.06126692146062851, 0.05746294930577278, 0.056563135236501694, 0.05361427739262581], "bboxes": [[1183.6590576171875, 382.9681091308594, 1255.3770751953125, 517.22607421875], [840.6580200195312, 383.2029113769531, 903.9737548828125, 527.4411010742188], [859.2019653320312, 240.4554901123047, 926.21435546875, 378.04351806640625], [1195.50732421875, 259.37725830078125, 1261.717041015625, 387.22430419921875], [899.2817993164062, 0.8270837664604187, 953.8709716796875, 81.43866729736328], [840.6580200195312, 383.2029113769531, 903.9737548828125, 527.4411010742188], [859.3941040039062, 240.3494110107422, 926.5931396484375, 378.2435302734375], [843.813720703125, 447.2669372558594, 901.6889038085938, 523.2780151367188], [1183.6590576171875, 382.9681091308594, 1255.3770751953125, 517.22607421875], [1185.2938232421875, 302.631591796875, 1260.094970703125, 492.7812194824219], [1195.50732421875, 259.37725830078125, 1261.717041015625, 387.22430419921875], [859.3941040039062, 240.3494110107422, 926.5931396484375, 378.2435302734375], [1196.5208740234375, 316.9161071777344, 1250.8397216796875, 381.4544372558594], [1204.2320556640625, 385.6494445800781, 1249.687744140625, 413.9404602050781], [898.0693969726562, 3.0010695457458496, 955.8095703125, 83.07547760009766], [1183.74658203125, 383.5247802734375, 1254.4593505859375, 518.4756469726562], [1201.560302734375, 359.10040283203125, 1250.323486328125, 383.5742492675781], [840.6580200195312, 383.2029113769531, 903.9737548828125, 527.4411010742188], [1206.0576171875, 263.48944091796875, 1258.5294189453125, 321.6322937011719]]}