{"labels": [0, 0, 0, 0, 0, 0, 0, 0, 0, 2, 1, 0, 1, 2, 0, 0, 0, 0], "scores": [0.9991449117660522, 0.9965202808380127, 0.9949899315834045, 0.9831874966621399, 0.7635642290115356, 0.6970117688179016, 0.6783931255340576, 0.3071219027042389, 0.22202610969543457, 0.09077595174312592, 0.08732837438583374, 0.08372031897306442, 0.07510233670473099, 0.0664316788315773, 0.06139561906456947, 0.05669751018285751, 0.052918851375579834, 0.05118388682603836], "bboxes": [[615.1414794921875, 531.363525390625, 780.5801391601562, 815.0000610351562], [833.9200439453125, 21.563602447509766, 981.2548828125, 241.17689514160156], [732.3546142578125, 259.4361572265625, 888.9999389648438, 507.6247253417969], [1120.9560546875, 338.8538513183594, 1273.9879150390625, 616.1362915039062], [962.7088623046875, 688.1346435546875, 1162.1524658203125, 1080.0], [133.48056030273438, 954.1260986328125, 394.7725524902344, 1078.31689453125], [965.0083618164062, 879.6122436523438, 1120.96044921875, 1080.0], [1431.7750244140625, 771.84423828125, 1470.6868896484375, 809.6257934570312], [1009.5839233398438, 678.8064575195312, 1156.7923583984375, 951.177490234375], [835.4700927734375, 23.061447143554688, 979.0422973632812, 242.248046875], [835.4700927734375, 23.061447143554688, 979.0422973632812, 242.248046875], [1512.564453125, 412.8939208984375, 1553.9930419921875, 447.15887451171875], [733.315673828125, 259.975341796875, 883.782470703125, 507.7723388671875], [733.0054931640625, 259.4896240234375, 885.5209350585938, 510.5261535644531], [141.50387573242188, 809.9334106445312, 688.9962158203125, 1068.10400390625], [284.5573425292969, 789.56689453125, 313.0508117675781, 828.1409912109375], [614.5716552734375, 402.06103515625, 843.3323364257812, 810.4905395507812], [1286.8681640625, 1.7396178245544434, 1365.382568359375, 39.916236877441406]]}