{"labels": [0, 0, 0, 0, 2, 2, 1, 1, 1], "scores": [0.9999406337738037, 0.9999216794967651, 0.8462833762168884, 0.2403668761253357, 0.10676614940166473, 0.09748219698667526, 0.09118448197841644, 0.08249760419130325, 0.05064546316862106], "bboxes": [[696.076171875, 107.27471160888672, 1283.29345703125, 838.1055297851562], [1095.452392578125, 62.1464958190918, 1638.8814697265625, 825.3600463867188], [1561.00634765625, 898.0944213867188, 1897.471435546875, 1078.3072509765625], [865.0216064453125, 180.7552490234375, 1491.8807373046875, 810.6915283203125], [1096.198974609375, 58.936336517333984, 1636.7591552734375, 819.934326171875], [705.00634765625, 110.31372833251953, 1260.7435302734375, 839.4304809570312], [1564.56005859375, 895.1223754882812, 1915.3939208984375, 1080.0], [1095.4859619140625, 63.84986114501953, 1639.2064208984375, 838.216064453125], [697.4841918945312, 109.20915985107422, 1280.926513671875, 837.3516235351562]]}