{"labels": [0, 0, 0, 0, 0, 0, 0, 0, 1, 0, 0, 2, 2, 0, 2, 0, 0, 2], "scores": [0.9998219609260559, 0.9998001456260681, 0.9997571110725403, 0.9995797276496887, 0.9991334080696106, 0.9991238713264465, 0.9986018538475037, 0.7338817715644836, 0.10709359496831894, 0.08620253950357437, 0.0800321102142334, 0.0788222998380661, 0.05874354764819145, 0.056725673377513885, 0.05350619554519653, 0.0531206876039505, 0.051929399371147156, 0.05178959295153618], "bboxes": [[1233.50634765625, 157.3277130126953, 1489.6090087890625, 405.92919921875], [344.4936218261719, 799.1981811523438, 671.4882202148438, 1047.4832763671875], [725.1182250976562, 473.3886413574219, 1009.9009399414062, 731.090576171875], [995.97802734375, 286.2011413574219, 1279.60888671875, 522.9931030273438], [805.3690795898438, 422.1428527832031, 1083.611083984375, 661.4502563476562], [1339.019287109375, 111.66402435302734, 1592.32373046875, 356.9888000488281], [915.77587890625, 338.1958312988281, 1202.1409912109375, 576.8865966796875], [854.918212890625, 375.5608215332031, 1142.552490234375, 616.713134765625], [341.2904968261719, 797.9113159179688, 669.9268188476562, 1054.8319091796875], [1368.9437255859375, 19.660045623779297, 1648.6707763671875, 331.6061706542969], [1080.300537109375, 171.64083862304688, 1417.781005859375, 417.4962158203125], [341.2904968261719, 797.9113159179688, 669.9268188476562, 1054.8319091796875], [720.88916015625, 474.99298095703125, 992.5274658203125, 730.0029907226562], [1002.2913818359375, 440.5889587402344, 1195.1776123046875, 593.3655395507812], [1358.1717529296875, 95.8981704711914, 1621.6497802734375, 358.6658935546875], [1397.4549560546875, 205.307373046875, 1587.24267578125, 359.8597412109375], [912.2803344726562, 345.71783447265625, 1122.4442138671875, 505.130859375], [1258.4075927734375, 146.3585968017578, 1502.6527099609375, 392.0928039550781]]}