{"labels": [0, 0, 0, 0, 0, 0, 1, 1, 0, 0, 0, 0, 0, 2, 0, 2, 0, 1, 0, 0, 2, 1, 1, 2], "scores": [0.9988487958908081, 0.9987320303916931, 0.9985490441322327, 0.998275876045227, 0.9979076385498047, 0.9963557720184326, 0.7099195122718811, 0.5547899007797241, 0.2854401171207428, 0.19167928397655487, 0.14685086905956268, 0.10178381949663162, 0.09248827397823334, 0.07523179799318314, 0.07267304509878159, 0.07224532216787338, 0.06388833373785019, 0.06372421234846115, 0.06092651188373566, 0.05737512558698654, 0.056459907442331314, 0.05547017604112625, 0.054336994886398315, 0.05070456117391586], "bboxes": [[1067.65869140625, 928.98291015625, 1148.7550048828125, 1079.0264892578125], [838.1044921875, 774.7849731445312, 913.0267944335938, 947.271240234375], [1115.28662109375, 260.2275085449219, 1184.9842529296875, 405.5680236816406], [1087.488525390625, 635.08056640625, 1159.2626953125, 796.2108764648438], [1101.6619873046875, 425.4617004394531, 1173.7860107421875, 576.1156616210938], [883.761474609375, 393.5010070800781, 949.3898315429688, 554.1622924804688], [1618.2774658203125, 109.52864074707031, 1669.7333984375, 202.1709442138672], [1543.403076171875, 69.54283142089844, 1608.128662109375, 250.7579345703125], [1543.403076171875, 69.54283142089844, 1608.128662109375, 250.7579345703125], [836.38623046875, 852.9320678710938, 911.4163208007812, 940.830078125], [847.1173095703125, 780.6490478515625, 912.5673828125, 875.9066772460938], [600.9434814453125, 122.07188415527344, 689.3981323242188, 282.5578308105469], [816.3839111328125, 984.890869140625, 887.7167358398438, 1078.21630859375], [1619.0517578125, 108.47400665283203, 1671.9490966796875, 207.25782775878906], [1316.175048828125, 619.929443359375, 1354.411376953125, 695.1142578125], [573.229736328125, 366.0304870605469, 659.0333251953125, 460.58648681640625], [1618.692138671875, 108.88855743408203, 1668.619140625, 203.98507690429688], [883.7636108398438, 395.1882019042969, 950.1495361328125, 554.7343139648438], [1063.96044921875, 926.1824951171875, 1233.3668212890625, 1075.56494140625], [896.0709228515625, 397.8482360839844, 947.2131958007812, 470.2981262207031], [1546.7784423828125, 74.30409240722656, 1610.4718017578125, 249.4163818359375], [1114.8909912109375, 260.1184997558594, 1185.4918212890625, 405.61309814453125], [1101.7552490234375, 425.7794189453125, 1174.27783203125, 576.6142578125], [1101.7025146484375, 425.66082763671875, 1174.8538818359375, 576.2718505859375]]}